0,tcp,ecr_i,SF,1032,0,0,0,0,0,0,0,0,0,0,0,0,0,0,0,0,0,510,510,0,0,0,0,1,0,0,255,255,1,0,1,0,0,0,0,0,smurf
0,tcp,ecr_i,SF,1032,0,0,0,0,0,0,0,0,0,0,0,0,0,0,0,0,0,511,511,0,0,0,0,1,0,0,255,255,1,0,1,0,0,0,0,0,smurf
0,tcp,ecr_i,SF,1032,0,0,0,0,0,0,0,0,0,0,0,0,0,0,0,0,0,511,511,0,0,0,0,1,0,0,255,255,1,0,1,0,0,0,0,0,smurf
0,tcp,ecr_i,SF,1032,0,0,0,0,0,0,0,0,0,0,0,0,0,0,0,0,0,511,511,0,0,0,0,1,0,0,255,255,1,0,1,0,0,0,0,0,smurf
0,tcp,ecr_i,SF,1032,0,0,0,0,0,0,0,0,0,0,0,0,0,0,0,0,0,510,510,0,0,0,0,1,0,0,255,255,1,0,1,0,0,0,0,0,smurf
0,tcp,ecr_i,SF,1032,0,0,0,0,0,0,0,0,0,0,0,0,0,0,0,0,0,511,511,0,0,0,0,1,0,0,255,255,1,0,1,0,0,0,0,0,smurf
0,tcp,ecr_i,SF,1032,0,0,0,0,0,0,0,0,0,0,0,0,0,0,0,0,0,511,511,0,0,0,0,1,0,0,255,255,1,0,1,0,0,0,0,0,smurf
0,tcp,ecr_i,SF,1032,0,0,0,0,0,0,0,0,0,0,0,0,0,0,0,0,0,509,509,0,0,0,0,1,0,0,255,255,1,0,1,0,0,0,0,0,smurf
0,tcp,ecr_i,SF,1032,0,0,0,0,0,0,0,0,0,0,0,0,0,0,0,0,0,511,511,0,0,0,0,1,0,0,255,255,1,0,1,0,0,0,0,0,smurf
0,tcp,ecr_i,SF,1032,0,0,0,0,0,0,0,0,0,0,0,0,0,0,0,0,0,511,511,0,0,0,0,1,0,0,255,255,1,0,1,0,0,0,0,0,smurf
0,tcp,ecr_i,SF,1032,0,0,0,0,0,0,0,0,0,0,0,0,0,0,0,0,0,511,511,0,0,0,0,1,0,0,255,255,1,0,1,0,0,0,0,0,smurf
0,tcp,ecr_i,SF,1032,0,0,0,0,0,0,0,0,0,0,0,0,0,0,0,0,0,511,511,0,0,0,0,1,0,0,255,255,1,0,1,0,0,0,0,0,smurf
0,tcp,ecr_i,SF,1032,0,0,0,0,0,0,0,0,0,0,0,0,0,0,0,0,0,510,510,0,0,0,0,1,0,0,255,255,1,0,1,0,0,0,0,0,smurf
0,tcp,ecr_i,SF,1032,0,0,0,0,0,0,0,0,0,0,0,0,0,0,0,0,0,511,511,0,0,0,0,1,0,0,255,255,1,0,1,0,0,0,0,0,smurf
0,tcp,ecr_i,SF,1032,0,0,0,0,0,0,0,0,0,0,0,0,0,0,0,0,0,511,511,0,0,0,0,1,0,0,255,255,1,0,1,0,0,0,0,0,smurf
0,tcp,ecr_i,SF,1032,0,0,0,0,0,0,0,0,0,0,0,0,0,0,0,0,0,510,510,0,0,0,0,1,0,0,255,255,1,0,1,0,0,0,0,0,smurf
0,tcp,ecr_i,SF,1032,0,0,0,0,0,0,0,0,0,0,0,0,0,0,0,0,0,509,509,0,0,0,0,1,0,0,117,116,0.99,0.02,0.99,0,0,0,0,0,smurf
0,tcp,ecr_i,SF,1032,0,0,0,0,0,0,0,0,0,0,0,0,0,0,0,0,0,511,511,0,0,0,0,1,0,0,255,255,1,0,1,0,0,0,0,0,smurf
0,tcp,ecr_i,SF,283,903,0,0,0,0,0,1,0,0,0,0,0,0,0,0,0,0,5,5,0,0,0,0,1,0,0,34,255,1,0,0.03,0.03,0,0,0,0,smurf
0,tcp,ecr_i,SF,1032,0,0,0,0,0,0,0,0,0,0,0,0,0,0,0,0,0,511,511,0,0,0,0,1,0,0,255,255,1,0,1,0,0,0,0,0,smurf
0,tcp,ecr_i,SF,1032,0,0,0,0,0,0,0,0,0,0,0,0,0,0,0,0,0,510,510,0,0,0,0,1,0,0,255,255,1,0,1,0,0,0,0,0,smurf
0,tcp,ecr_i,SF,1032,0,0,0,0,0,0,0,0,0,0,0,0,0,0,0,0,0,511,511,0,0,0,0,1,0,0,255,255,1,0,1,0,0,0,0,0,smurf
0,tcp,ecr_i,SF,1032,0,0,0,0,0,0,0,0,0,0,0,0,0,0,0,0,0,511,511,0,0,0,0,1,0,0,255,255,1,0,1,0,0,0,0,0,smurf
0,tcp,ecr_i,SF,1032,0,0,0,0,0,0,0,0,0,0,0,0,0,0,0,0,0,511,511,0,0,0,0,1,0,0,255,255,1,0,1,0,0,0,0,0,smurf
0,tcp,ecr_i,SF,1032,0,0,0,0,0,0,0,0,0,0,0,0,0,0,0,0,0,511,511,0,0,0,0,1,0,0,255,255,1,0,1,0,0,0,0,0,smurf
0,tcp,ecr_i,SF,1032,0,0,0,0,0,0,0,0,0,0,0,0,0,0,0,0,0,511,511,0,0,0,0,1,0,0,255,255,1,0,1,0,0,0,0,0,perl
0,tcp,ecr_i,SF,252,1422,0,0,0,0,0,1,0,0,0,0,0,0,0,0,0,0,6,23,0,0.04,0,0,1,0,0.13,192,255,1,0,0.01,0.01,0.01,0,0,0,perl
0,tcp,ecr_i,SF,1032,0,0,0,0,0,0,0,0,0,0,0,0,0,0,0,0,0,509,509,0,0,0,0,1,0,0,255,255,1,0,1,0,0,0,0,0,perl
0,tcp,ecr_i,SF,1032,0,0,0,0,0,0,0,0,0,0,0,0,0,0,0,0,0,511,511,0,0,0,0,1,0,0,255,255,1,0,1,0,0,0,0,0,perl
0,tcp,ecr_i,SF,1032,0,0,0,0,0,0,0,0,0,0,0,0,0,0,0,0,0,510,510,0,0,0,0,1,0,0,255,255,1,0,1,0,0,0,0,0,perl
0,tcp,ecr_i,SF,1032,0,0,0,0,0,0,0,0,0,0,0,0,0,0,0,0,0,511,511,0,0,0,0,1,0,0,255,255,1,0,1,0,0,0,0,0,perl
0,tcp,ecr_i,SF,1032,0,0,0,0,0,0,0,0,0,0,0,0,0,0,0,0,0,511,511,0,0,0,0,1,0,0,255,255,1,0,1,0,0,0,0,0,perl
0,tcp,ecr_i,SF,0,0,0,0,0,0,0,0,0,0,0,0,0,0,0,0,0,0,80,80,1,1,0,0,1,0,0,255,255,1,0,0,0,0.38,0.38,0.61,0.61,perl
0,tcp,ecr_i,SF,1032,0,0,0,0,0,0,0,0,0,0,0,0,0,0,0,0,0,508,508,0,0,0,0,1,0,0,255,255,1,0,1,0,0,0,0,0,perl
0,tcp,ecr_i,SF,1032,0,0,0,0,0,0,0,0,0,0,0,0,0,0,0,0,0,511,511,0,0,0,0,1,0,0,255,255,1,0,1,0,0,0,0,0,perl
0,tcp,ecr_i,S0,105,146,0,0,0,0,0,0,0,0,0,0,0,0,0,0,0,0,1,1,0,0,0,0,1,0,0,255,254,1,0.01,0,0,0,0,0,0,perl
0,tcp,ecr_i,S0,1032,0,0,0,0,0,0,0,0,0,0,0,0,0,0,0,0,0,509,510,0,0,0,0,1,0,0,255,255,1,0,1,0,0,0,0,0,perl
0,tcp,ecr_i,S0,303,1292,0,0,0,0,0,1,0,0,0,0,0,0,0,0,0,0,7,7,0,0,0,0,1,0,0,80,255,1,0,0.01,0.02,0,0,0,0,perl
0,tcp,ecr_i,S0,42,42,0,0,0,0,0,0,0,0,0,0,0,0,0,0,0,0,4,4,0,0,0,0,1,0,0,255,249,0.98,0.01,0.01,0,0,0,0,0,perl
0,tcp,ecr_i,S0,1032,0,0,0,0,0,0,0,0,0,0,0,0,0,0,0,0,0,511,511,0,0,0,0,1,0,0,255,255,1,0,1,0,0,0,0,0,perl
0,tcp,ecr_i,S0,1032,0,0,0,0,0,0,0,0,0,0,0,0,0,0,0,0,0,511,511,0,0,0,0,1,0,0,255,255,1,0,1,0,0,0,0,0,perl
0,tcp,ecr_i,S0,1032,0,0,0,0,0,0,0,0,0,0,0,0,0,0,0,0,0,511,511,0,0,0,0,1,0,0,255,255,1,0,1,0,0,0,0,0,perl
0,tcp,ecr_i,S0,105,146,0,0,0,0,0,0,0,0,0,0,0,0,0,0,0,0,2,2,0,0,0,0,1,0,0,255,254,1,0.01,0,0,0,0,0,0,perl
0,tcp,ecr_i,S0,1032,0,0,0,0,0,0,0,0,0,0,0,0,0,0,0,0,0,511,511,0,0,0,0,1,0,0,255,255,1,0,1,0,0,0,0,0,perl
0,tcp,ecr_i,S0,45,115,0,0,0,0,0,0,0,0,0,0,0,0,0,0,0,0,1,2,0,0,0,0,1,0,1,255,252,0.99,0.01,0,0,0,0,0,0,perl
0,tcp,ecr_i,S0,1032,0,0,0,0,0,0,0,0,0,0,0,0,0,0,0,0,0,511,511,0,0,0,0,1,0,0,255,255,1,0,1,0,0,0,0,0,perl
0,tcp,ecr_i,S0,1032,0,0,0,0,0,0,0,0,0,0,0,0,0,0,0,0,0,511,511,0,0,0,0,1,0,0,255,255,1,0,1,0,0,0,0,0,perl
0,tcp,ecr_i,S0,1032,0,0,0,0,0,0,0,0,0,0,0,0,0,0,0,0,0,511,511,0,0,0,0,1,0,0,255,255,1,0,1,0,0,0,0,0,perl
0,tcp,ecr_i,S0,1032,0,0,0,0,0,0,0,0,0,0,0,0,0,0,0,0,0,511,511,0,0,0,0,1,0,0,255,255,1,0,1,0,0,0,0,0,perl
0,tcp,ecr_i,S0,1032,0,0,0,0,0,0,0,0,0,0,0,0,0,0,0,0,0,511,511,0,0,0,0,1,0,0,255,255,1,0,1,0,0,0,0,0,perl
0,tcp,ecr_i,S0,1032,0,0,0,0,0,0,0,0,0,0,0,0,0,0,0,0,0,511,511,0,0,0,0,1,0,0,255,255,1,0,1,0,0,0,0,0,perl
0,tcp,ecr_i,S0,1032,0,0,0,0,0,0,0,0,0,0,0,0,0,0,0,0,0,511,511,0,0,0,0,1,0,0,255,255,1,0,1,0,0,0,0,0,xlock
0,tcp,ecr_i,S0,1032,0,0,0,0,0,0,0,0,0,0,0,0,0,0,0,0,0,510,510,0,0,0,0,1,0,0,255,255,1,0,1,0,0,0,0,0,xlock
0,tcp,ecr_i,S0,1032,0,0,0,0,0,0,0,0,0,0,0,0,0,0,0,0,0,511,511,0,0,0,0,1,0,0,255,255,1,0,1,0,0,0,0,0,xlock
0,tcp,ecr_i,S0,1032,0,0,0,0,0,0,0,0,0,0,0,0,0,0,0,0,0,511,511,0,0,0,0,1,0,0,255,255,1,0,1,0,0,0,0,0,xlock
0,tcp,ecr_i,S0,213,4996,0,0,0,0,0,1,0,0,0,0,0,0,0,0,0,0,1,1,0,0,0,0,1,0,0,1,255,1,0,1,0.07,0,0,0,0,xlock
0,tcp,ecr_i,S0,1032,0,0,0,0,0,0,0,0,0,0,0,0,0,0,0,0,0,511,511,0,0,0,0,1,0,0,255,255,1,0,1,0,0,0,0,0,xlock
0,tcp,ecr_i,S0,1032,0,0,0,0,0,0,0,0,0,0,0,0,0,0,0,0,0,511,511,0,0,0,0,1,0,0,255,255,1,0,1,0,0,0,0,0,xlock
0,tcp,ecr_i,S0,105,145,0,0,0,0,0,0,0,0,0,0,0,0,0,0,0,0,2,2,0,0,0,0,1,0,0,255,255,1,0,0,0,0,0,0,0,xlock
0,tcp,ecr_i,S0,1032,0,0,0,0,0,0,0,0,0,0,0,0,0,0,0,0,0,508,508,0,0,0,0,1,0,0,255,255,1,0,1,0,0,0,0,0,xlock
0,tcp,ecr_i,S0,1032,0,0,0,0,0,0,0,0,0,0,0,0,0,0,0,0,0,511,511,0,0,0,0,1,0,0,255,255,1,0,1,0,0,0,0,0,xlock
0,tcp,ecr_i,S0,1032,0,0,0,0,0,0,0,0,0,0,0,0,0,0,0,0,0,511,511,0,0,0,0,1,0,0,255,255,1,0,1,0,0,0,0,0,xlock
0,tcp,ecr_i,S0,1032,0,0,0,0,0,0,0,0,0,0,0,0,0,0,0,0,0,510,510,0,0,0,0,1,0,0,255,255,1,0,1,0,0,0,0,0,xlock
0,tcp,ecr_i,S0,1032,0,0,0,0,0,0,0,0,0,0,0,0,0,0,0,0,0,511,511,0,0,0,0,1,0,0,255,255,1,0,1,0,0,0,0,0,xlock
0,tcp,ecr_i,S0,1032,0,0,0,0,0,0,0,0,0,0,0,0,0,0,0,0,0,511,511,0,0,0,0,1,0,0,255,255,1,0,1,0,0,0,0,0,xlock
0,tcp,ecr_i,S0,1032,0,0,0,0,0,0,0,0,0,0,0,0,0,0,0,0,0,510,510,0,0,0,0,1,0,0,255,255,1,0,1,0,0,0,0,0,xlock
0,tcp,ecr_i,S0,1032,0,0,0,0,0,0,0,0,0,0,0,0,0,0,0,0,0,511,511,0,0,0,0,1,0,0,255,255,1,0,1,0,0,0,0,0,xlock
0,tcp,ecr_i,S0,1032,0,0,0,0,0,0,0,0,0,0,0,0,0,0,0,0,0,511,511,0,0,0,0,1,0,0,255,255,1,0,1,0,0,0,0,0,xlock
0,tcp,ecr_i,S0,1032,0,0,0,0,0,0,0,0,0,0,0,0,0,0,0,0,0,510,510,0,0,0,0,1,0,0,255,255,1,0,1,0,0,0,0,0,xlock
0,tcp,ecr_i,S0,1032,0,0,0,0,0,0,0,0,0,0,0,0,0,0,0,0,0,511,511,0,0,0,0,1,0,0,255,255,1,0,1,0,0,0,0,0,xlock
0,tcp,ecr_i,S0,1032,0,0,0,0,0,0,0,0,0,0,0,0,0,0,0,0,0,511,511,0,0,0,0,1,0,0,255,255,1,0,1,0,0,0,0,0,xlock
0,tcp,ecr_i,S0,1032,0,0,0,0,0,0,0,0,0,0,0,0,0,0,0,0,0,511,511,0,0,0,0,1,0,0,255,255,1,0,1,0,0,0,0,0,xlock
0,tcp,ecr_i,S0,1032,0,0,0,0,0,0,0,0,0,0,0,0,0,0,0,0,0,511,511,0,0,0,0,1,0,0,255,255,1,0,1,0,0,0,0,0,xlock
0,tcp,ecr_i,S0,1032,0,0,0,0,0,0,0,0,0,0,0,0,0,0,0,0,0,511,511,0,0,0,0,1,0,0,255,255,1,0,1,0,0,0,0,0,xlock
0,tcp,ecr_i,S0,1032,0,0,0,0,0,0,0,0,0,0,0,0,0,0,0,0,0,509,509,0,0,0,0,1,0,0,255,255,1,0,1,0,0,0,0,0,xlock
0,tcp,ecr_i,SF,285,5200,0,0,0,0,0,1,0,0,0,0,0,0,0,0,0,0,16,16,0,0,0,0,1,0,0,255,255,1,0,0,0,0,0,0,0,xsnoop
0,tcp,ecr_i,SF,5050,329,0,0,0,0,0,1,0,0,0,0,0,0,0,0,0,0,1,1,0,0,0,0,1,0,0,127,178,0.57,0.03,0.01,0.01,0,0,0.03,0.02,xsnoop
0,tcp,ecr_i,SF,1032,0,0,0,0,0,0,0,0,0,0,0,0,0,0,0,0,0,511,511,0,0,0,0,1,0,0,255,255,1,0,1,0,0,0,0,0,xsnoop
0,tcp,ecr_i,SF,1032,0,0,0,0,0,0,0,0,0,0,0,0,0,0,0,0,0,511,511,0,0,0,0,1,0,0,255,255,1,0,1,0,0,0,0,0,xsnoop
0,tcp,ecr_i,SF,1032,0,0,0,0,0,0,0,0,0,0,0,0,0,0,0,0,0,511,511,0,0,0,0,1,0,0,255,255,1,0,1,0,0,0,0,0,xsnoop
0,tcp,ecr_i,SF,1032,0,0,0,0,0,0,0,0,0,0,0,0,0,0,0,0,0,510,510,0,0,0,0,1,0,0,255,255,1,0,1,0,0,0,0,0,xsnoop
0,tcp,ecr_i,SF,1032,0,0,0,0,0,0,0,0,0,0,0,0,0,0,0,0,0,510,510,0,0,0,0,1,0,0,255,255,1,0,1,0,0,0,0,0,xsnoop
0,tcp,ecr_i,SF,1032,0,0,0,0,0,0,0,0,0,0,0,0,0,0,0,0,0,509,509,0,0,0,0,1,0,0,255,255,1,0,1,0,0,0,0,0,xsnoop
0,tcp,ecr_i,SF,1032,0,0,0,0,0,0,0,0,0,0,0,0,0,0,0,0,0,511,511,0,0,0,0,1,0,0,255,255,1,0,1,0,0,0,0,0,xsnoop
0,tcp,ecr_i,SF,1032,0,0,0,0,0,0,0,0,0,0,0,0,0,0,0,0,0,509,509,0,0,0,0,1,0,0,255,255,1,0,1,0,0,0,0,0,xsnoop
0,tcp,ecr_i,SF,1032,0,0,0,0,0,0,0,0,0,0,0,0,0,0,0,0,0,511,511,0,0,0,0,1,0,0,255,255,1,0,1,0,0,0,0,0,xsnoop
0,tcp,ecr_i,SF,1032,0,0,0,0,0,0,0,0,0,0,0,0,0,0,0,0,0,508,508,0,0,0,0,1,0,0,255,255,1,0,1,0,0,0,0,0,xsnoop
0,tcp,ecr_i,SF,1032,0,0,0,0,0,0,0,0,0,0,0,0,0,0,0,0,0,511,511,0,0,0,0,1,0,0,255,255,1,0,1,0,0,0,0,0,xsnoop
0,tcp,ecr_i,SF,105,146,0,0,0,0,0,0,0,0,0,0,0,0,0,0,0,0,2,2,0,0,0,0,1,0,0,255,255,1,0,0.01,0,0,0,0,0,xsnoop
0,tcp,ecr_i,SF,1032,0,0,0,0,0,0,0,0,0,0,0,0,0,0,0,0,0,510,510,0,0,0,0,1,0,0,255,255,1,0,1,0,0,0,0,0,xsnoop
0,tcp,ecr_i,SF,1032,0,0,0,0,0,0,0,0,0,0,0,0,0,0,0,0,0,511,511,0,0,0,0,1,0,0,255,255,1,0,1,0,0,0,0,0,xsnoop
0,tcp,ecr_i,SF,1032,0,0,0,0,0,0,0,0,0,0,0,0,0,0,0,0,0,510,510,0,0,0,0,1,0,0,255,255,1,0,1,0,0,0,0,0,xsnoop
0,tcp,ecr_i,SF,1032,0,0,0,0,0,0,0,0,0,0,0,0,0,0,0,0,0,511,511,0,0,0,0,1,0,0,255,255,1,0,1,0,0,0,0,0,xsnoop
0,tcp,ecr_i,SF,1032,0,0,0,0,0,0,0,0,0,0,0,0,0,0,0,0,0,511,511,0,0,0,0,1,0,0,255,255,1,0,1,0,0,0,0,0,xsnoop
0,tcp,ecr_i,SF,1032,0,0,0,0,0,0,0,0,0,0,0,0,0,0,0,0,0,511,511,0,0,0,0,1,0,0,255,255,1,0,1,0,0,0,0,0,xsnoop
0,tcp,ecr_i,SF,1032,0,0,0,0,0,0,0,0,0,0,0,0,0,0,0,0,0,510,510,0,0,0,0,1,0,0,255,255,1,0,1,0,0,0,0,0,xsnoop
0,tcp,ecr_i,SF,1032,0,0,0,0,0,0,0,0,0,0,0,0,0,0,0,0,0,511,511,0,0,0,0,1,0,0,255,255,1,0,1,0,0,0,0,0,xsnoop
0,tcp,ecr_i,SF,1032,0,0,0,0,0,0,0,0,0,0,0,0,0,0,0,0,0,510,510,0,0,0,0,1,0,0,255,255,1,0,1,0,0,0,0,0,xsnoop
0,tcp,ecr_i,SF,212,341,0,0,0,0,0,1,0,0,0,0,0,0,0,0,0,0,2,3,0,0,0,0,1,0,0.67,255,255,1,0,0,0,0,0,0,0,xsnoop
0,tcp,ecr_i,SF,1032,0,0,0,0,0,0,0,0,0,0,0,0,0,0,0,0,0,511,511,0,0,0,0,1,0,0,255,255,1,0,1,0,0,0,0,0,xsnoop
0,icmp,http,SF,1032,0,0,0,0,0,0,0,0,0,0,0,0,0,0,0,0,0,511,511,0,0,0,0,1,0,0,255,255,1,0,1,0,0,0,0,0,xterm
0,icmp,http,SF,1032,0,0,0,0,0,0,0,0,0,0,0,0,0,0,0,0,0,511,511,0,0,0,0,1,0,0,255,255,1,0,1,0,0,0,0,0,xterm
0,icmp,http,SF,1032,0,0,0,0,0,0,0,0,0,0,0,0,0,0,0,0,0,511,511,0,0,0,0,1,0,0,255,255,1,0,1,0,0,0,0,0,xterm
0,icmp,http,SF,1032,0,0,0,0,0,0,0,0,0,0,0,0,0,0,0,0,0,511,511,0,0,0,0,1,0,0,255,255,1,0,1,0,0,0,0,0,xterm
0,icmp,http,SF,1032,0,0,0,0,0,0,0,0,0,0,0,0,0,0,0,0,0,511,511,0,0,0,0,1,0,0,255,255,1,0,1,0,0,0,0,0,xterm
0,icmp,http,SF,1032,0,0,0,0,0,0,0,0,0,0,0,0,0,0,0,0,0,511,511,0,0,0,0,1,0,0,255,255,1,0,1,0,0,0,0,0,xterm
0,icmp,http,SF,1032,0,0,0,0,0,0,0,0,0,0,0,0,0,0,0,0,0,511,511,0,0,0,0,1,0,0,255,255,1,0,1,0,0,0,0,0,xterm
0,icmp,http,SF,1032,0,0,0,0,0,0,0,0,0,0,0,0,0,0,0,0,0,510,510,0,0,0,0,1,0,0,255,255,1,0,1,0,0,0,0,0,xterm
0,icmp,http,SF,1032,0,0,0,0,0,0,0,0,0,0,0,0,0,0,0,0,0,511,511,0,0,0,0,1,0,0,255,255,1,0,1,0,0,0,0,0,xterm
0,icmp,http,SF,1032,0,0,0,0,0,0,0,0,0,0,0,0,0,0,0,0,0,510,510,0,0,0,0,1,0,0,255,255,1,0,1,0,0,0,0,0,xterm
0,icmp,http,S0,1032,0,0,0,0,0,0,0,0,0,0,0,0,0,0,0,0,0,511,511,0,0,0,0,1,0,0,255,255,1,0,1,0,0,0,0,0,xterm
0,icmp,http,S0,1032,0,0,0,0,0,0,0,0,0,0,0,0,0,0,0,0,0,510,510,0,0,0,0,1,0,0,255,255,1,0,1,0,0,0,0,0,xterm
0,icmp,http,S0,1032,0,0,0,0,0,0,0,0,0,0,0,0,0,0,0,0,0,508,508,0,0,0,0,1,0,0,255,255,1,0,1,0,0,0,0,0,xterm
0,icmp,http,S0,1032,0,0,0,0,0,0,0,0,0,0,0,0,0,0,0,0,0,511,511,0,0,0,0,1,0,0,255,255,1,0,1,0,0,0,0,0,xterm
0,icmp,http,S0,1032,0,0,0,0,0,0,0,0,0,0,0,0,0,0,0,0,0,511,511,0,0,0,0,1,0,0,255,255,1,0,1,0,0,0,0,0,xterm
0,icmp,http,S0,1032,0,0,0,0,0,0,0,0,0,0,0,0,0,0,0,0,0,511,511,0,0,0,0,1,0,0,255,255,1,0,1,0,0,0,0,0,xterm
0,icmp,http,S0,1032,0,0,0,0,0,0,0,0,0,0,0,0,0,0,0,0,0,511,511,0,0,0,0,1,0,0,255,255,1,0,1,0,0,0,0,0,xterm
0,icmp,http,S0,0,0,0,0,0,0,0,0,0,0,0,0,0,0,0,0,0,0,93,93,1,1,0,0,1,0,0,255,255,1,0,0,0,0.58,0.58,0.39,0.39,xterm
0,icmp,http,S0,1032,0,0,0,0,0,0,0,0,0,0,0,0,0,0,0,0,0,511,511,0,0,0,0,1,0,0,255,255,1,0,1,0,0,0,0,0,xterm
0,icmp,http,S0,184,128,0,0,0,0,0,1,0,0,0,0,0,0,0,0,0,0,29,29,0,0,0,0,1,0,0,29,255,1,0,0.03,0.03,0,0,0,0,xterm
0,icmp,http,S0,1032,0,0,0,0,0,0,0,0,0,0,0,0,0,0,0,0,0,509,509,0,0,0,0,1,0,0,255,255,1,0,1,0,0,0,0,0,xterm
0,icmp,http,S0,1032,0,0,0,0,0,0,0,0,0,0,0,0,0,0,0,0,0,511,511,0,0,0,0,1,0,0,255,255,1,0,1,0,0,0,0,0,xterm
0,icmp,http,S0,1032,0,0,0,0,0,0,0,0,0,0,0,0,0,0,0,0,0,511,511,0,0,0,0,1,0,0,255,255,1,0,1,0,0,0,0,0,xterm
0,icmp,http,S0,1032,0,0,0,0,0,0,0,0,0,0,0,0,0,0,0,0,0,510,510,0,0,0,0,1,0,0,255,255,1,0,1,0,0,0,0,0,xterm
0,icmp,http,S0,1032,0,0,0,0,0,0,0,0,0,0,0,0,0,0,0,0,0,510,510,0,0,0,0,1,0,0,255,255,1,0,1,0,0,0,0,0,xterm
0,icmp,http,S0,1032,0,0,0,0,0,0,0,0,0,0,0,0,0,0,0,0,0,510,510,0,0,0,0,1,0,0,255,255,1,0,1,0,0,0,0,0,satan
0,icmp,http,S0,289,721,0,0,0,0,0,1,0,0,0,0,0,0,0,0,0,0,6,6,0,0,0,0,1,0,0,7,255,1,0,0.14,0.04,0,0,0,0,satan
0,icmp,http,S0,1032,0,0,0,0,0,0,0,0,0,0,0,0,0,0,0,0,0,511,511,0,0,0,0,1,0,0,255,255,1,0,1,0,0,0,0,0,satan
0,icmp,http,S0,1032,0,0,0,0,0,0,0,0,0,0,0,0,0,0,0,0,0,510,510,0,0,0,0,1,0,0,255,255,1,0,1,0,0,0,0,0,satan
0,icmp,http,S0,1032,0,0,0,0,0,0,0,0,0,0,0,0,0,0,0,0,0,511,511,0,0,0,0,1,0,0,255,255,1,0,1,0,0,0,0,0,satan
0,icmp,http,S0,1032,0,0,0,0,0,0,0,0,0,0,0,0,0,0,0,0,0,511,511,0,0,0,0,1,0,0,255,255,1,0,1,0,0,0,0,0,satan
0,icmp,http,S0,1032,0,0,0,0,0,0,0,0,0,0,0,0,0,0,0,0,0,510,510,0,0,0,0,1,0,0,255,255,1,0,1,0,0,0,0,0,satan
0,icmp,http,S0,291,331,0,0,0,0,0,1,0,0,0,0,0,0,0,0,0,0,9,9,0,0,0,0,1,0,0,255,255,1,0,0,0,0,0,0,0,satan
0,icmp,http,S0,1032,0,0,0,0,0,0,0,0,0,0,0,0,0,0,0,0,0,508,508,0,0,0,0,1,0,0,255,255,1,0,1,0,0,0,0,0,satan
0,icmp,http,S0,1032,0,0,0,0,0,0,0,0,0,0,0,0,0,0,0,0,0,510,510,0,0,0,0,1,0,0,255,255,1,0,1,0,0,0,0,0,satan
0,icmp,http,S0,1032,0,0,0,0,0,0,0,0,0,0,0,0,0,0,0,0,0,511,511,0,0,0,0,1,0,0,255,255,1,0,1,0,0,0,0,0,satan
0,icmp,http,S0,1032,0,0,0,0,0,0,0,0,0,0,0,0,0,0,0,0,0,511,511,0,0,0,0,1,0,0,255,255,1,0,1,0,0,0,0,0,satan
0,icmp,http,S0,246,753,0,0,0,0,0,1,0,0,0,0,0,0,0,0,0,0,9,9,0,0,0,0,1,0,0,255,255,1,0,0,0,0,0,0,0,satan
0,icmp,http,S0,105,146,0,0,0,0,0,0,0,0,0,0,0,0,0,0,0,0,1,1,0,0,0,0,1,0,0,255,254,1,0.01,0,0,0,0,0,0,satan
0,icmp,http,S0,1032,0,0,0,0,0,0,0,0,0,0,0,0,0,0,0,0,0,511,511,0,0,0,0,1,0,0,255,255,1,0,1,0,0,0,0,0,satan
0,icmp,http,S0,1032,0,0,0,0,0,0,0,0,0,0,0,0,0,0,0,0,0,510,510,0,0,0,0,1,0,0,255,255,1,0,1,0,0,0,0,0,satan
0,icmp,http,S0,1032,0,0,0,0,0,0,0,0,0,0,0,0,0,0,0,0,0,511,511,0,0,0,0,1,0,0,255,255,1,0,1,0,0,0,0,0,satan
0,icmp,http,S0,1032,0,0,0,0,0,0,0,0,0,0,0,0,0,0,0,0,0,510,510,0,0,0,0,1,0,0,255,255,1,0,1,0,0,0,0,0,satan
0,icmp,http,S0,1032,0,0,0,0,0,0,0,0,0,0,0,0,0,0,0,0,0,509,509,0,0,0,0,1,0,0,255,255,1,0,1,0,0,0,0,0,satan
0,icmp,http,S0,175,38352,0,0,0,0,0,1,0,0,0,0,0,0,0,0,0,0,3,7,0,0,0,0,1,0,0.43,255,255,1,0,0,0,0,0,0,0,satan
0,icmp,http,S0,1032,0,0,0,0,0,0,0,0,0,0,0,0,0,0,0,0,0,510,510,0,0,0,0,1,0,0,255,255,1,0,1,0,0,0,0,0,satan
0,icmp,http,S0,241,722,0,0,0,0,0,1,0,0,0,0,0,0,0,0,0,0,1,1,0,0,0,0,1,0,0,7,255,1,0,0.14,0.05,0,0,0,0,satan
0,icmp,http,S0,293,1965,0,0,0,0,0,1,0,0,0,0,0,0,0,0,0,0,6,14,0,0,0,0,1,0,0.21,255,255,1,0,0.01,0,0,0,0,0,satan
0,icmp,http,S0,1032,0,0,0,0,0,0,0,0,0,0,0,0,0,0,0,0,0,510,510,0,0,0,0,1,0,0,255,255,1,0,1,0,0,0,0,0,satan
0,icmp,http,S0,1032,0,0,0,0,0,0,0,0,0,0,0,0,0,0,0,0,0,509,509,0,0,0,0,1,0,0,255,255,1,0,1,0,0,0,0,0,neptune
0,icmp,http,SF,212,634,0,0,0,0,0,1,0,0,0,0,0,0,0,0,0,0,15,16,0,0,0,0,1,0,0.12,51,255,1,0,0.02,0.01,0,0,0,0,neptune
0,icmp,http,SF,1032,0,0,0,0,0,0,0,0,0,0,0,0,0,0,0,0,0,511,511,0,0,0,0,1,0,0,255,255,1,0,1,0,0,0,0,0,neptune
0,icmp,http,SF,1032,0,0,0,0,0,0,0,0,0,0,0,0,0,0,0,0,0,511,511,0,0,0,0,1,0,0,255,255,1,0,1,0,0,0,0,0,neptune
0,icmp,http,SF,105,146,0,0,0,0,0,0,0,0,0,0,0,0,0,0,0,0,1,1,0,0,0,0,1,0,0,255,254,1,0.01,0,0,0,0,0,0,neptune
0,icmp,http,SF,1032,0,0,0,0,0,0,0,0,0,0,0,0,0,0,0,0,0,507,507,0,0,0,0,1,0,0,255,255,1,0,1,0,0,0,0,0,neptune
0,icmp,http,SF,1032,0,0,0,0,0,0,0,0,0,0,0,0,0,0,0,0,0,511,511,0,0,0,0,1,0,0,255,255,1,0,1,0,0,0,0,0,neptune
0,icmp,http,SF,1032,0,0,0,0,0,0,0,0,0,0,0,0,0,0,0,0,0,10,10,0,0,0,0,1,0,0,255,255,1,0,1,0,0,0,0,0,neptune
0,icmp,http,SF,1032,0,0,0,0,0,0,0,0,0,0,0,0,0,0,0,0,0,509,509,0,0,0,0,1,0,0,255,255,1,0,1,0,0,0,0,0,neptune
0,icmp,http,SF,1032,0,0,0,0,0,0,0,0,0,0,0,0,0,0,0,0,0,507,507,0,0,0,0,1,0,0,255,255,1,0,1,0,0,0,0,0,neptune
0,icmp,http,SF,1032,0,0,0,0,0,0,0,0,0,0,0,0,0,0,0,0,0,511,511,0,0,0,0,1,0,0,255,255,1,0,1,0,0,0,0,0,neptune
0,icmp,http,SF,1032,0,0,0,0,0,0,0,0,0,0,0,0,0,0,0,0,0,511,511,0,0,0,0,1,0,0,255,255,1,0,1,0,0,0,0,0,neptune
0,icmp,http,SF,105,146,0,0,0,0,0,0,0,0,0,0,0,0,0,0,0,0,2,2,0,0,0,0,1,0,0,255,252,0.99,0.01,0,0,0,0,0,0,neptune
0,icmp,http,SF,105,146,0,0,0,0,0,0,0,0,0,0,0,0,0,0,0,0,1,1,0,0,0,0,1,0,0,255,254,1,0.01,0,0,0,0,0,0,neptune
0,icmp,http,SF,1032,0,0,0,0,0,0,0,0,0,0,0,0,0,0,0,0,0,511,511,0,0,0,0,1,0,0,255,255,1,0,1,0,0,0,0,0,neptune
0,icmp,http,SF,1032,0,0,0,0,0,0,0,0,0,0,0,0,0,0,0,0,0,511,511,0,0,0,0,1,0,0,255,255,1,0,1,0,0,0,0,0,neptune
0,icmp,http,SF,1032,0,0,0,0,0,0,0,0,0,0,0,0,0,0,0,0,0,511,511,0,0,0,0,1,0,0,255,255,1,0,1,0,0,0,0,0,neptune
0,icmp,http,SF,1032,0,0,0,0,0,0,0,0,0,0,0,0,0,0,0,0,0,511,511,0,0,0,0,1,0,0,255,255,1,0,1,0,0,0,0,0,neptune
0,icmp,http,SF,212,628,0,0,0,0,0,1,0,0,0,0,0,0,0,0,0,0,11,16,0,0,0,0,1,0,0.19,255,255,1,0,0,0,0,0,0,0,neptune
0,icmp,http,SF,1032,0,0,0,0,0,0,0,0,0,0,0,0,0,0,0,0,0,509,509,0,0,0,0,1,0,0,255,255,1,0,1,0,0,0,0,0,neptune
0,icmp,http,SF,0,0,0,0,0,0,0,0,0,0,0,0,0,0,0,0,0,0,505,1,0.04,1,0.96,0,0,1,0,255,1,0,1,0,0,0.05,1,0.95,0,neptune
0,icmp,http,SF,1032,0,0,0,0,0,0,0,0,0,0,0,0,0,0,0,0,0,511,511,0,0,0,0,1,0,0,255,255,1,0,1,0,0,0,0,0,neptune
0,icmp,http,SF,1032,0,0,0,0,0,0,0,0,0,0,0,0,0,0,0,0,0,510,510,0,0,0,0,1,0,0,255,255,1,0,1,0,0,0,0,0,neptune
0,icmp,http,SF,1032,0,0,0,0,0,0,0,0,0,0,0,0,0,0,0,0,0,511,511,0,0,0,0,1,0,0,255,255,1,0,1,0,0,0,0,0,neptune
0,icmp,http,SF,1032,0,0,0,0,0,0,0,0,0,0,0,0,0,0,0,0,0,511,511,0,0,0,0,1,0,0,255,255,1,0,1,0,0,0,0,0,neptune
0,icmp,http,SF,245,188,0,0,0,0,0,1,0,0,0,0,0,0,0,0,0,0,1,14,0,0.07,0,0,1,0,0.21,44,255,1,0,0.02,0.05,0,0,0,0,neptune
0,icmp,http,SF,1032,0,0,0,0,0,0,0,0,0,0,0,0,0,0,0,0,0,510,510,0,0,0,0,1,0,0,255,255,1,0,1,0,0,0,0,0,nmap
0,icmp,http,SF,1032,0,0,0,0,0,0,0,0,0,0,0,0,0,0,0,0,0,509,509,0,0,0,0,1,0,0,255,255,1,0,1,0,0,0,0,0,nmap
0,icmp,http,SF,1032,0,0,0,0,0,0,0,0,0,0,0,0,0,0,0,0,0,511,511,0,0,0,0,1,0,0,255,255,1,0,1,0,0,0,0,0,nmap
0,icmp,http,SF,1032,0,0,0,0,0,0,0,0,0,0,0,0,0,0,0,0,0,510,510,0,0,0,0,1,0,0,255,255,1,0,1,0,0,0,0,0,nmap
0,icmp,http,SF,1032,0,0,0,0,0,0,0,0,0,0,0,0,0,0,0,0,0,511,511,0,0,0,0,1,0,0,255,255,1,0,1,0,0,0,0,0,nmap
0,icmp,http,SF,249,47582,0,0,0,0,0,1,0,0,0,0,0,0,0,0,0,0,1,1,0,0,0,0,1,0,0,78,255,1,0,0.01,0.04,0,0,0,0,nmap
0,icmp,http,SF,1032,0,0,0,0,0,0,0,0,0,0,0,0,0,0,0,0,0,511,511,0,0,0,0,1,0,0,255,255,1,0,1,0,0,0,0,0,nmap
0,icmp,http,SF,225,489,0,0,0,0,0,1,0,0,0,0,0,0,0,0,0,0,10,15,0,0,0,0,1,0,0.27,255,255,1,0,0,0,0.01,0.01,0,0,nmap
0,icmp,http,SF,1032,0,0,0,0,0,0,0,0,0,0,0,0,0,0,0,0,0,511,511,0,0,0,0,1,0,0,255,255,1,0,1,0,0,0,0,0,nmap
0,icmp,http,SF,1032,0,0,0,0,0,0,0,0,0,0,0,0,0,0,0,0,0,511,511,0,0,0,0,1,0,0,255,255,1,0,1,0,0,0,0,0,nmap
0,icmp,http,S0,1032,0,0,0,0,0,0,0,0,0,0,0,0,0,0,0,0,0,511,511,0,0,0,0,1,0,0,255,255,1,0,1,0,0,0,0,0,nmap
0,icmp,http,S0,1032,0,0,0,0,0,0,0,0,0,0,0,0,0,0,0,0,0,509,509,0,0,0,0,1,0,0,255,255,1,0,1,0,0,0,0,0,nmap
0,icmp,http,S0,105,105,0,0,0,0,0,0,0,0,0,0,0,0,0,0,0,0,1,1,0,0,0,0,1,0,0,255,255,1,0,0,0,0,0,0,0,nmap
0,icmp,http,S0,1032,0,0,0,0,0,0,0,0,0,0,0,0,0,0,0,0,0,510,510,0,0,0,0,1,0,0,255,255,1,0,1,0,0,0,0,0,nmap
0,icmp,http,S0,1032,0,0,0,0,0,0,0,0,0,0,0,0,0,0,0,0,0,511,511,0,0,0,0,1,0,0,255,255,1,0,1,0,0,0,0,0,nmap
0,icmp,http,S0,1032,0,0,0,0,0,0,0,0,0,0,0,0,0,0,0,0,0,511,511,0,0,0,0,1,0,0,255,255,1,0,1,0,0,0,0,0,nmap
0,icmp,http,S0,1032,0,0,0,0,0,0,0,0,0,0,0,0,0,0,0,0,0,511,511,0,0,0,0,1,0,0,255,255,1,0,1,0,0,0,0,0,nmap
0,icmp,http,S0,1032,0,0,0,0,0,0,0,0,0,0,0,0,0,0,0,0,0,510,510,0,0,0,0,1,0,0,255,255,1,0,1,0,0,0,0,0,nmap
0,icmp,http,S0,1032,0,0,0,0,0,0,0,0,0,0,0,0,0,0,0,0,0,509,509,0,0,0,0,1,0,0,255,255,1,0,1,0,0,0,0,0,nmap
0,icmp,http,S0,1032,0,0,0,0,0,0,0,0,0,0,0,0,0,0,0,0,0,511,511,0,0,0,0,1,0,0,255,255,1,0,1,0,0,0,0,0,nmap
0,icmp,http,S0,1032,0,0,0,0,0,0,0,0,0,0,0,0,0,0,0,0,0,511,511,0,0,0,0,1,0,0,255,255,1,0,1,0,0,0,0,0,nmap
0,icmp,http,S0,1032,0,0,0,0,0,0,0,0,0,0,0,0,0,0,0,0,0,510,510,0,0,0,0,1,0,0,255,255,1,0,1,0,0,0,0,0,nmap
0,icmp,http,S0,1032,0,0,0,0,0,0,0,0,0,0,0,0,0,0,0,0,0,510,510,0,0,0,0,1,0,0,255,255,1,0,1,0,0,0,0,0,nmap
0,icmp,http,S0,1032,0,0,0,0,0,0,0,0,0,0,0,0,0,0,0,0,0,511,511,0,0,0,0,1,0,0,255,255,1,0,1,0,0,0,0,0,nmap
0,icmp,http,S0,1032,0,0,0,0,0,0,0,0,0,0,0,0,0,0,0,0,0,510,510,0,0,0,0,1,0,0,255,255,1,0,1,0,0,0,0,0,nmap
0,udp,private,S0,1032,0,0,0,0,0,0,0,0,0,0,0,0,0,0,0,0,0,511,511,0,0,0,0,1,0,0,255,255,1,0,1,0,0,0,0,0,back
0,udp,private,S0,1032,0,0,0,0,0,0,0,0,0,0,0,0,0,0,0,0,0,510,510,0,0,0,0,1,0,0,255,255,1,0,1,0,0,0,0,0,back
0,udp,private,S0,305,486,0,0,0,0,0,1,0,0,0,0,0,0,0,0,0,0,9,27,0,0,0,0,1,0,0.15,255,255,1,0,0,0,0,0,0,0,back
0,udp,private,S0,1032,0,0,0,0,0,0,0,0,0,0,0,0,0,0,0,0,0,511,511,0,0,0,0,1,0,0,255,255,1,0,1,0,0,0,0,0,back
0,udp,private,S0,3894,0,0,0,0,0,0,0,0,0,0,0,0,0,0,0,0,0,1,1,0,0,0,0,1,0,0,52,64,0.17,0.1,0.17,0.03,0.02,0,0.13,0,back
0,udp,private,S0,1032,0,0,0,0,0,0,0,0,0,0,0,0,0,0,0,0,0,510,510,0,0,0,0,1,0,0,255,255,1,0,1,0,0,0,0,0,back
0,udp,private,S0,1032,0,0,0,0,0,0,0,0,0,0,0,0,0,0,0,0,0,511,511,0,0,0,0,1,0,0,255,255,1,0,1,0,0,0,0,0,back
0,udp,private,S0,1032,0,0,0,0,0,0,0,0,0,0,0,0,0,0,0,0,0,511,511,0,0,0,0,1,0,0,255,255,1,0,1,0,0,0,0,0,back
0,udp,private,S0,320,2940,0,0,0,0,0,1,0,0,0,0,0,0,0,0,0,0,10,17,0,0,0,0,1,0,0.12,49,255,1,0,0.02,0.01,0,0,0,0,back
0,udp,private,S0,1032,0,0,0,0,0,0,0,0,0,0,0,0,0,0,0,0,0,511,511,0,0,0,0,1,0,0,255,255,1,0,1,0,0,0,0,0,back
0,udp,private,S0,105,146,0,0,0,0,0,0,0,0,0,0,0,0,0,0,0,0,2,2,0,0,0,0,1,0,0,255,254,1,0.01,0,0,0,0,0,0,apache2
0,udp,private,S0,1032,0,0,0,0,0,0,0,0,0,0,0,0,0,0,0,0,0,511,511,0,0,0,0,1,0,0,255,255,1,0,1,0,0,0,0,0,apache2
0,udp,private,S0,1032,0,0,0,0,0,0,0,0,0,0,0,0,0,0,0,0,0,509,509,0,0,0,0,1,0,0,255,255,1,0,1,0,0,0,0,0,apache2
0,udp,private,S0,1032,0,0,0,0,0,0,0,0,0,0,0,0,0,0,0,0,0,510,510,0,0,0,0,1,0,0,255,255,1,0,1,0,0,0,0,0,apache2
0,udp,private,S0,1032,0,0,0,0,0,0,0,0,0,0,0,0,0,0,0,0,0,511,511,0,0,0,0,1,0,0,255,255,1,0,1,0,0,0,0,0,apache2
0,udp,private,S0,162,209,0,0,0,0,0,1,0,0,0,0,0,0,0,0,0,0,1,3,0,0,0,0,1,0,1,1,255,1,0,1,0.05,0,0,0,0,apache2
0,udp,private,S0,1032,0,0,0,0,0,0,0,0,0,0,0,0,0,0,0,0,0,509,509,0,0,0,0,1,0,0,255,255,1,0,1,0,0,0,0,0,apache2
0,udp,private,S0,1032,0,0,0,0,0,0,0,0,0,0,0,0,0,0,0,0,0,511,511,0,0,0,0,1,0,0,255,255,1,0,1,0,0,0,0,0,apache2
0,udp,private,S0,1032,0,0,0,0,0,0,0,0,0,0,0,0,0,0,0,0,0,511,511,0,0,0,0,1,0,0,255,255,1,0,1,0,0,0,0,0,apache2
0,udp,private,S0,1032,0,0,0,0,0,0,0,0,0,0,0,0,0,0,0,0,0,511,511,0,0,0,0,1,0,0,255,255,1,0,1,0,0,0,0,0,apache2
0,udp,private,S0,0,0,0,0,0,0,0,0,0,0,0,0,0,0,0,0,0,0,482,1,0.05,0,0.95,1,0,1,0,255,1,0,1,0,0,0.04,0,0.96,1,apache2
0,udp,private,S0,1032,0,0,0,0,0,0,0,0,0,0,0,0,0,0,0,0,0,508,508,0,0,0,0,1,0,0,255,255,1,0,1,0,0,0,0,0,apache2
0,udp,private,S0,1032,0,0,0,0,0,0,0,0,0,0,0,0,0,0,0,0,0,510,510,0,0,0,0,1,0,0,255,255,1,0,1,0,0,0,0,0,apache2
0,udp,private,S0,1032,0,0,0,0,0,0,0,0,0,0,0,0,0,0,0,0,0,511,511,0,0,0,0,1,0,0,255,255,1,0,1,0,0,0,0,0,apache2
0,udp,private,S0,1032,0,0,0,0,0,0,0,0,0,0,0,0,0,0,0,0,0,511,511,0,0,0,0,1,0,0,255,255,1,0,1,0,0,0,0,0,apache2
0,udp,private,REJ,1032,0,0,0,0,0,0,0,0,0,0,0,0,0,0,0,0,0,511,511,0,0,0,0,1,0,0,255,255,1,0,1,0,0,0,0,0,apache2
0,udp,private,REJ,1032,0,0,0,0,0,0,0,0,0,0,0,0,0,0,0,0,0,509,509,0,0,0,0,1,0,0,255,255,1,0,1,0,0,0,0,0,apache2
0,udp,private,REJ,1032,0,0,0,0,0,0,0,0,0,0,0,0,0,0,0,0,0,511,511,0,0,0,0,1,0,0,255,255,1,0,1,0,0,0,0,0,apache2
0,udp,private,REJ,1032,0,0,0,0,0,0,0,0,0,0,0,0,0,0,0,0,0,511,511,0,0,0,0,1,0,0,255,255,1,0,1,0,0,0,0,0,apache2
0,udp,private,REJ,1032,0,0,0,0,0,0,0,0,0,0,0,0,0,0,0,0,0,511,511,0,0,0,0,1,0,0,255,255,1,0,1,0,0,0,0,0,apache2
0,udp,private,REJ,0,0,0,0,0,0,0,0,0,0,0,0,0,0,0,0,0,0,510,1,0.05,1,0.95,0,0,1,0,255,1,0,1,0,0,0.04,1,0.96,0,multihop
0,udp,private,REJ,1032,0,0,0,0,0,0,0,0,0,0,0,0,0,0,0,0,0,511,511,0,0,0,0,1,0,0,255,255,1,0,1,0,0,0,0,0,multihop
0,udp,private,REJ,1032,0,0,0,0,0,0,0,0,0,0,0,0,0,0,0,0,0,507,508,0,0,0,0,1,0,0,255,255,1,0,1,0,0,0,0,0,multihop
0,udp,private,REJ,1032,0,0,0,0,0,0,0,0,0,0,0,0,0,0,0,0,0,511,511,0,0,0,0,1,0,0,255,255,1,0,1,0,0,0,0,0,multihop
0,udp,private,REJ,1032,0,0,0,0,0,0,0,0,0,0,0,0,0,0,0,0,0,511,511,0,0,0,0,1,0,0,255,255,1,0,1,0,0,0,0,0,multihop
0,udp,private,REJ,1032,0,0,0,0,0,0,0,0,0,0,0,0,0,0,0,0,0,511,511,0,0,0,0,1,0,0,255,255,1,0,1,0,0,0,0,0,multihop
0,udp,private,REJ,105,146,0,0,0,0,0,0,0,0,0,0,0,0,0,0,0,0,2,2,0,0,0,0,1,0,0,255,254,1,0.01,0,0,0,0,0,0,multihop
0,udp,private,REJ,1032,0,0,0,0,0,0,0,0,0,0,0,0,0,0,0,0,0,511,511,0,0,0,0,1,0,0,255,255,1,0,1,0,0,0,0,0,multihop
0,udp,private,REJ,1032,0,0,0,0,0,0,0,0,0,0,0,0,0,0,0,0,0,511,511,0,0,0,0,1,0,0,255,255,1,0,1,0,0,0,0,0,multihop
0,udp,private,REJ,1032,0,0,0,0,0,0,0,0,0,0,0,0,0,0,0,0,0,511,511,0,0,0,0,1,0,0,255,255,1,0,1,0,0,0,0,0,multihop
0,udp,private,REJ,213,1401,0,0,0,0,0,1,0,0,0,0,0,0,0,0,0,0,7,9,0,0,0,0,1,0,0.22,255,255,1,0,0,0,0,0,0,0,worm
0,udp,private,REJ,1032,0,0,0,0,0,0,0,0,0,0,0,0,0,0,0,0,0,511,511,0,0,0,0,1,0,0,255,255,1,0,1,0,0,0,0,0,worm
0,udp,private,REJ,1032,0,0,0,0,0,0,0,0,0,0,0,0,0,0,0,0,0,509,509,0,0,0,0,1,0,0,255,255,1,0,1,0,0,0,0,0,worm
0,udp,private,REJ,1032,0,0,0,0,0,0,0,0,0,0,0,0,0,0,0,0,0,510,510,0,0,0,0,1,0,0,255,255,1,0,1,0,0,0,0,0,worm
0,udp,private,REJ,206,292,0,0,0,0,0,1,0,0,0,0,0,0,0,0,0,0,21,21,0,0,0,0,1,0,0,255,255,1,0,0,0,0,0,0,0,worm
0,udp,private,REJ,1032,0,0,0,0,0,0,0,0,0,0,0,0,0,0,0,0,0,511,511,0,0,0,0,1,0,0,255,255,1,0,1,0,0,0,0,0,worm
0,udp,private,REJ,1032,0,0,0,0,0,0,0,0,0,0,0,0,0,0,0,0,0,510,510,0,0,0,0,1,0,0,255,255,1,0,1,0,0,0,0,0,worm
0,udp,private,REJ,1032,0,0,0,0,0,0,0,0,0,0,0,0,0,0,0,0,0,511,511,0,0,0,0,1,0,0,255,254,1,0.01,1,0,0,0,0,0,worm
0,udp,private,REJ,1032,0,0,0,0,0,0,0,0,0,0,0,0,0,0,0,0,0,511,511,0,0,0,0,1,0,0,255,255,1,0,1,0,0,0,0,0,worm
0,udp,private,REJ,1032,0,0,0,0,0,0,0,0,0,0,0,0,0,0,0,0,0,511,511,0,0,0,0,1,0,0,255,255,1,0,1,0,0,0,0,0,worm
0,udp,private,REJ,105,146,0,0,0,0,0,0,0,0,0,0,0,0,0,0,0,0,2,2,0,0,0,0,1,0,0,255,253,0.99,0.01,0,0,0,0,0,0,buffer overflow
0,udp,private,REJ,1032,0,0,0,0,0,0,0,0,0,0,0,0,0,0,0,0,0,510,510,0,0,0,0,1,0,0,255,255,1,0,1,0,0,0,0,0,buffer overflow
0,udp,private,REJ,1032,0,0,0,0,0,0,0,0,0,0,0,0,0,0,0,0,0,509,509,0,0,0,0,1,0,0,255,255,1,0,1,0,0,0,0,0,buffer overflow
0,udp,private,REJ,1032,0,0,0,0,0,0,0,0,0,0,0,0,0,0,0,0,0,511,511,0,0,0,0,1,0,0,255,255,1,0,1,0,0,0,0,0,buffer overflow
0,udp,private,REJ,1032,0,0,0,0,0,0,0,0,0,0,0,0,0,0,0,0,0,511,511,0,0,0,0,1,0,0,255,255,1,0,1,0,0,0,0,0,buffer overflow
0,udp,private,REJ,1032,0,0,0,0,0,0,0,0,0,0,0,0,0,0,0,0,0,509,509,0,0,0,0,1,0,0,255,255,1,0,1,0,0,0,0,0,buffer overflow
0,udp,private,REJ,1032,0,0,0,0,0,0,0,0,0,0,0,0,0,0,0,0,0,511,511,0,0,0,0,1,0,0,255,255,1,0,1,0,0,0,0,0,buffer overflow
0,udp,private,REJ,1032,0,0,0,0,0,0,0,0,0,0,0,0,0,0,0,0,0,511,511,0,0,0,0,1,0,0,255,255,1,0,1,0,0,0,0,0,buffer overflow
0,udp,private,REJ,1032,0,0,0,0,0,0,0,0,0,0,0,0,0,0,0,0,0,511,511,0,0,0,0,1,0,0,255,255,1,0,1,0,0,0,0,0,buffer overflow
0,udp,private,REJ,1032,0,0,0,0,0,0,0,0,0,0,0,0,0,0,0,0,0,509,509,0,0,0,0,1,0,0,255,255,1,0,1,0,0,0,0,0,buffer overflow
0,udp,private,S1,1032,0,0,0,0,0,0,0,0,0,0,0,0,0,0,0,0,0,511,511,0,0,0,0,1,0,0,255,255,1,0,1,0,0,0,0,0,sql attack
0,udp,private,S1,1032,0,0,0,0,0,0,0,0,0,0,0,0,0,0,0,0,0,511,511,0,0,0,0,1,0,0,255,255,1,0,1,0,0,0,0,0,sql attack
0,udp,private,S1,1032,0,0,0,0,0,0,0,0,0,0,0,0,0,0,0,0,0,511,511,0,0,0,0,1,0,0,255,255,1,0,1,0,0,0,0,0,sql attack
0,udp,private,S1,1032,0,0,0,0,0,0,0,0,0,0,0,0,0,0,0,0,0,511,511,0,0,0,0,1,0,0,255,255,1,0,1,0,0,0,0,0,sql attack
0,udp,private,S1,1032,0,0,0,0,0,0,0,0,0,0,0,0,0,0,0,0,0,509,509,0,0,0,0,1,0,0,255,255,1,0,1,0,0,0,0,0,sql attack
0,udp,private,S1,1032,0,0,0,0,0,0,0,0,0,0,0,0,0,0,0,0,0,510,510,0,0,0,0,1,0,0,255,255,1,0,1,0,0,0,0,0,sql attack
0,udp,private,S1,1032,0,0,0,0,0,0,0,0,0,0,0,0,0,0,0,0,0,511,511,0,0,0,0,1,0,0,255,255,1,0,1,0,0,0,0,0,sql attack
0,udp,private,S1,105,146,0,0,0,0,0,0,0,0,0,0,0,0,0,0,0,0,2,2,0,0,0,0,1,0,0,255,255,1,0,0,0,0,0,0,0,sql attack
0,udp,private,S1,1032,0,0,0,0,0,0,0,0,0,0,0,0,0,0,0,0,0,510,510,0,0,0,0,1,0,0,255,255,1,0,1,0,0,0,0,0,sql attack
0,udp,private,S1,1032,0,0,0,0,0,0,0,0,0,0,0,0,0,0,0,0,0,511,511,0,0,0,0,1,0,0,255,255,1,0,1,0,0,0,0,0,sql attack
0,udp,private,S1,1032,0,0,0,0,0,0,0,0,0,0,0,0,0,0,0,0,0,511,511,0,0,0,0,1,0,0,255,255,1,0,1,0,0,0,0,0,saint
0,udp,private,S1,1032,0,0,0,0,0,0,0,0,0,0,0,0,0,0,0,0,0,511,511,0,0,0,0,1,0,0,255,255,1,0,1,0,0,0,0,0,saint
0,udp,private,S1,1032,0,0,0,0,0,0,0,0,0,0,0,0,0,0,0,0,0,511,511,0,0,0,0,1,0,0,255,255,1,0,1,0,0,0,0,0,saint
0,udp,private,S1,1032,0,0,0,0,0,0,0,0,0,0,0,0,0,0,0,0,0,511,511,0,0,0,0,1,0,0,255,255,1,0,1,0,0,0,0,0,saint
0,udp,private,S1,1032,0,0,0,0,0,0,0,0,0,0,0,0,0,0,0,0,0,511,511,0,0,0,0,1,0,0,255,255,1,0,1,0,0,0,0,0,saint
0,udp,private,S1,1032,0,0,0,0,0,0,0,0,0,0,0,0,0,0,0,0,0,511,511,0,0,0,0,1,0,0,255,255,1,0,1,0,0,0,0,0,saint
0,udp,private,S1,1032,0,0,0,0,0,0,0,0,0,0,0,0,0,0,0,0,0,511,511,0,0,0,0,1,0,0,255,255,1,0,1,0,0,0,0,0,saint
0,udp,private,S1,1032,0,0,0,0,0,0,0,0,0,0,0,0,0,0,0,0,0,510,510,0,0,0,0,1,0,0,255,255,1,0,1,0,0,0,0,0,saint
0,udp,private,S1,1032,0,0,0,0,0,0,0,0,0,0,0,0,0,0,0,0,0,510,510,0,0,0,0,1,0,0,255,255,1,0,1,0,0,0,0,0,saint
0,udp,private,S1,1032,0,0,0,0,0,0,0,0,0,0,0,0,0,0,0,0,0,511,511,0,0,0,0,1,0,0,255,255,1,0,1,0,0,0,0,0,saint
0,udp,private,S1,0,0,0,0,0,0,0,0,0,0,0,0,0,0,0,0,0,0,96,96,1,1,0,0,1,0,0,255,255,1,0,0,0,0.77,0.77,0.2,0.2,Nmap
0,udp,private,S1,1032,0,0,0,0,0,0,0,0,0,0,0,0,0,0,0,0,0,510,510,0,0,0,0,1,0,0,255,255,1,0,1,0,0,0,0,0,Nmap
0,udp,private,S1,1032,0,0,0,0,0,0,0,0,0,0,0,0,0,0,0,0,0,511,511,0,0,0,0,1,0,0,255,255,1,0,1,0,0,0,0,0,Nmap
0,udp,private,S1,1032,0,0,0,0,0,0,0,0,0,0,0,0,0,0,0,0,0,509,509,0,0,0,0,1,0,0,255,255,1,0,1,0,0,0,0,0,Nmap
0,udp,private,S1,1032,0,0,0,0,0,0,0,0,0,0,0,0,0,0,0,0,0,511,511,0,0,0,0,1,0,0,255,255,1,0,1,0,0,0,0,0,Nmap
0,udp,private,S1,1032,0,0,0,0,0,0,0,0,0,0,0,0,0,0,0,0,0,511,511,0,0,0,0,1,0,0,255,255,1,0,1,0,0,0,0,0,Nmap
0,udp,private,S1,1032,0,0,0,0,0,0,0,0,0,0,0,0,0,0,0,0,0,510,510,0,0,0,0,1,0,0,255,255,1,0,1,0,0,0,0,0,Nmap
0,udp,private,S1,1032,0,0,0,0,0,0,0,0,0,0,0,0,0,0,0,0,0,511,511,0,0,0,0,1,0,0,255,255,1,0,1,0,0,0,0,0,Nmap
0,udp,private,S1,1032,0,0,0,0,0,0,0,0,0,0,0,0,0,0,0,0,0,510,510,0,0,0,0,1,0,0,255,255,1,0,1,0,0,0,0,0,Nmap
0,udp,private,S1,1032,0,0,0,0,0,0,0,0,0,0,0,0,0,0,0,0,0,511,511,0,0,0,0,1,0,0,255,255,1,0,1,0,0,0,0,0,ipsweep
0,udp,private,S1,1032,0,0,0,0,0,0,0,0,0,0,0,0,0,0,0,0,0,511,511,0,0,0,0,1,0,0,255,255,1,0,1,0,0,0,0,0,ipsweep
0,udp,private,S1,1032,0,0,0,0,0,0,0,0,0,0,0,0,0,0,0,0,0,511,511,0,0,0,0,1,0,0,255,255,1,0,1,0,0,0,0,0,ipsweep
0,udp,private,S1,1032,0,0,0,0,0,0,0,0,0,0,0,0,0,0,0,0,0,511,511,0,0,0,0,1,0,0,255,255,1,0,1,0,0,0,0,0,ipsweep
0,udp,private,S1,105,146,0,0,0,0,0,0,0,0,0,0,0,0,0,0,0,0,2,2,0,0,0,0,1,0,0,255,254,1,0.01,0,0,0,0,0,0,ipsweep
0,udp,private,S1,1032,0,0,0,0,0,0,0,0,0,0,0,0,0,0,0,0,0,511,511,0,0,0,0,1,0,0,255,255,1,0,1,0,0,0,0,0,ipsweep
0,udp,private,S1,353,1085,0,0,0,0,0,1,0,0,0,0,0,0,0,0,0,0,8,8,0,0,0,0,1,0,0,43,255,1,0,0.02,0.02,0,0,0,0,ipsweep
0,udp,private,S1,1032,0,0,0,0,0,0,0,0,0,0,0,0,0,0,0,0,0,511,511,0,0,0,0,1,0,0,255,254,1,0.01,1,0,0,0,0,0,ipsweep
0,udp,private,S1,1032,0,0,0,0,0,0,0,0,0,0,0,0,0,0,0,0,0,511,511,0,0,0,0,1,0,0,255,255,1,0,1,0,0,0,0,0,ipsweep
0,udp,private,S1,105,146,0,0,0,0,0,0,0,0,0,0,0,0,0,0,0,0,1,1,0,0,0,0,1,0,0,255,254,1,0.01,0,0,0,0,0,0,ipsweep
0,udp,private,S1,1,1,0,0,0,0,0,0,0,0,0,0,0,0,0,0,0,0,10,3,0,0,0,0,0.3,0.4,0,255,3,0.01,0.3,1,0,0,0,0,0,ipsweep
0,udp,private,S1,0,0,0,0,0,0,0,0,0,0,0,0,0,0,0,0,0,0,491,1,0.1,1,0.9,0,0,1,0,255,1,0,1,0,0,0.06,1,0.94,0,ipsweep
